OrderID,ProductID,ProductName,Quantity,Price,Date
1001,P1001,Product A,5,25.00,2023-10-01
1002,P1002,Product B,3,12.50,2023-10-02
1003,P1001,Product A,2,25.00,2023-10-03
1004,P1003,Product C,4,10.00,2023-10-04
1005,P1002,Product B,1,12.50,2023-10-05
1006,P1001,Product A,5,25.00,2023-10-06
1007,P1003,Product C,2,10.00,2023-10-07
1008,P1004,Product D,3,30.00,2023-10-08
1009,P1002,Product B,4,12.50,2023-10-09
1010,P1001,Product A,2,25.00,2023-10-10
1011,P1003,Product C,5,10.00,2023-10-11
1012,P1004,Product D,2,30.00,2023-10-12
1013,P1002,Product B,6,12.50,2023-10-13
1014,P1001,Product A,3,25.00,2023-10-14
1015,P1003,Product C,4,10.00,2023-10-15
1016,P1004,Product D,2,30.00,2023-10-16
1017,P1002,Product B,1,12.50,2023-10-17
1018,P1001,Product A,4,25.00,2023-10-18
1019,P1003,Product C,5,10.00,2023-10-19
1020,P1004,Product D,3,30.00,2023-10-20
1021,P1002,Product B,2,12.50,2023-10-21
1022,P1001,Product A,3,25.00,2023-10-22
1023,P1003,Product C,6,10.00,2023-10-23
1024,P1004,Product D,4,30.00,2023-10-24
1025,P1002,Product B,5,12.50,2023-10-25
1026,P1001,Product A,2,25.00,2023-10-26
1027,P1003,Product C,1,10.00,2023-10-27
1028,P1004,Product D,3,30.00,2023-10-28
1029,P1002,Product B,4,12.50,2023-10-29
1030,P1001,Product A,5,25.00,2023-10-30
1031,P1003,Product C,2,10.00,2023-10-31
1032,P1004,Product D,3,30.00,2023-11-01
1033,P1002,Product B,4,12.50,2023-11-02
1034,P1001,Product A,2,25.00,2023-11-03
1035,P1003,Product C,3,10.00,2023-11-04
1036,P1004,Product D,1,30.00,2023-11-05
1037,P1002,Product B,5,12.50,2023-11-06
1038,P1001,Product A,4,25.00,2023-11-07
1039,P1003,Product C,2,10.00,2023-11-08
1040,P1004,Product D,3,30.00,2023-11-09
1041,P1002,Product B,6,12.50,2023-11-10
1042,P1001,Product A,3,25.00,2023-11-11
1043,P1003,Product C,4,10.00,2023-11-12
1044,P1004,Product D,2,30.00,2023-11-13
1045,P1002,Product B,1,12.50,2023-11-14
